{"cameraMode":{"drawMode":0,"name":"Shaded","section":"Shading Mode"},"sceneLighting":false,"audioPlay":false,"sceneViewState":{"m_AlwaysRefresh":false,"showFog":true,"showSkybox":true,"showFlares":true,"showImageEffects":true,"showParticleSystems":true,"showVisualEffectGraphs":true,"m_FxEnabled":true},"in2DMode":false,"pivot":{"x":0.1626923382282257,"y":0.10143128037452698,"z":-0.2879635989665985},"rotation":{"x":0.44905444979667666,"y":0.14493559300899507,"z":-0.07408841699361801,"w":0.8785767555236816},"size":0.1517467200756073,"orthographic":false}