{"cameraMode":{"drawMode":0,"name":"Shaded","section":"Shading Mode"},"sceneLighting":false,"audioPlay":false,"sceneViewState":{"m_AlwaysRefresh":false,"showFog":true,"showSkybox":true,"showFlares":true,"showImageEffects":true,"showParticleSystems":true,"showVisualEffectGraphs":true,"m_FxEnabled":true},"in2DMode":false,"pivot":{"x":0.35803255438804629,"y":-0.22767850756645204,"z":0.20973095297813416},"rotation":{"x":0.44037285447120669,"y":0.006820523180067539,"z":-0.0031205222476273777,"w":0.8978493809700012},"size":0.5465274453163147,"orthographic":false}