{"cameraMode":{"drawMode":0,"name":"Shaded","section":"Shading Mode"},"sceneLighting":true,"audioPlay":false,"sceneViewState":{"m_AlwaysRefresh":false,"showFog":true,"showSkybox":true,"showFlares":true,"showImageEffects":true,"showParticleSystems":true,"showVisualEffectGraphs":true,"m_FxEnabled":true},"in2DMode":false,"pivot":{"x":0.029333723708987237,"y":-1.2807921171188355,"z":1.1645115613937379},"rotation":{"x":-0.42084404826164248,"y":-0.01143252570182085,"z":0.00528349494561553,"w":-0.907080888748169},"size":0.9607910513877869,"orthographic":false}