{"cameraMode":{"drawMode":0,"name":"Shaded","section":"Shading Mode"},"sceneLighting":false,"audioPlay":false,"sceneViewState":{"m_AlwaysRefresh":false,"showFog":true,"showSkybox":false,"showFlares":true,"showImageEffects":true,"showParticleSystems":true,"showVisualEffectGraphs":true,"m_FxEnabled":true},"in2DMode":false,"pivot":{"x":0.04857063293457031,"y":0.17225396633148194,"z":-0.039200782775878909},"rotation":{"x":0.2617711126804352,"y":0.10252507030963898,"z":-0.028063401579856874,"w":0.9593287110328674},"size":2.6827170848846437,"orthographic":false}