{"cameraMode":{"drawMode":0,"name":"Shaded","section":"Shading Mode"},"sceneLighting":false,"audioPlay":false,"sceneViewState":{"m_AlwaysRefresh":false,"showFog":true,"showSkybox":false,"showFlares":true,"showImageEffects":true,"showParticleSystems":true,"showVisualEffectGraphs":true,"m_FxEnabled":true},"in2DMode":false,"pivot":{"x":0.48491406440734866,"y":0.007983207702636719,"z":-0.5901926755905151},"rotation":{"x":-0.11761040985584259,"y":0.8819518089294434,"z":-0.30741822719573977,"w":-0.3374041020870209},"size":1.7007464170455933,"orthographic":false}