{"cameraMode":{"drawMode":0,"name":"Shaded","section":"Shading Mode"},"sceneLighting":false,"audioPlay":false,"sceneViewState":{"m_AlwaysRefresh":false,"showFog":true,"showSkybox":false,"showFlares":true,"showImageEffects":true,"showParticleSystems":true,"showVisualEffectGraphs":true,"m_FxEnabled":true},"in2DMode":false,"pivot":{"x":0.07429403066635132,"y":0.49408960342407229,"z":-0.01322577241808176},"rotation":{"x":0.33379343152046206,"y":-0.664075493812561,"z":0.4392683207988739,"w":0.5046169757843018},"size":0.04342598840594292,"orthographic":false}