{"cameraMode":{"drawMode":0,"name":"Shaded","section":"Shading Mode"},"sceneLighting":false,"audioPlay":false,"sceneViewState":{"m_AlwaysRefresh":false,"showFog":true,"showSkybox":false,"showFlares":true,"showImageEffects":true,"showParticleSystems":true,"showVisualEffectGraphs":true,"m_FxEnabled":true},"in2DMode":false,"pivot":{"x":0.08444525301456452,"y":0.49339330196380618,"z":-0.027204621583223344},"rotation":{"x":0.2116672694683075,"y":-0.7668679356575012,"z":0.5189206004142761,"w":0.3128017485141754},"size":0.04342598840594292,"orthographic":false}